"Index"	"date"	"asset"	"price"
1	"Feb 2010"	"SPY.Adjusted.to.SPY.Adjusted"	0
2	"Mar 2010"	"SPY.Adjusted.to.SPY.Adjusted"	0
3	"Apr 2010"	"SPY.Adjusted.to.SPY.Adjusted"	0
4	"May 2010"	"SPY.Adjusted.to.SPY.Adjusted"	0
5	"Jun 2010"	"SPY.Adjusted.to.SPY.Adjusted"	0
6	"Jul 2010"	"SPY.Adjusted.to.SPY.Adjusted"	0
7	"Aug 2010"	"SPY.Adjusted.to.SPY.Adjusted"	0
8	"Sep 2010"	"SPY.Adjusted.to.SPY.Adjusted"	0
9	"Oct 2010"	"SPY.Adjusted.to.SPY.Adjusted"	0
10	"Nov 2010"	"SPY.Adjusted.to.SPY.Adjusted"	0
11	"Dec 2010"	"SPY.Adjusted.to.SPY.Adjusted"	0
12	"Jan 2011"	"SPY.Adjusted.to.SPY.Adjusted"	1
13	"Feb 2011"	"SPY.Adjusted.to.SPY.Adjusted"	1
14	"Mar 2011"	"SPY.Adjusted.to.SPY.Adjusted"	1
15	"Apr 2011"	"SPY.Adjusted.to.SPY.Adjusted"	1
16	"May 2011"	"SPY.Adjusted.to.SPY.Adjusted"	1
17	"Jun 2011"	"SPY.Adjusted.to.SPY.Adjusted"	1
18	"Jul 2011"	"SPY.Adjusted.to.SPY.Adjusted"	1
19	"Aug 2011"	"SPY.Adjusted.to.SPY.Adjusted"	1
20	"Sep 2011"	"SPY.Adjusted.to.SPY.Adjusted"	1
21	"Oct 2011"	"SPY.Adjusted.to.SPY.Adjusted"	1
22	"Nov 2011"	"SPY.Adjusted.to.SPY.Adjusted"	1
23	"Dec 2011"	"SPY.Adjusted.to.SPY.Adjusted"	1
24	"Jan 2012"	"SPY.Adjusted.to.SPY.Adjusted"	1
25	"Feb 2012"	"SPY.Adjusted.to.SPY.Adjusted"	1
26	"Mar 2012"	"SPY.Adjusted.to.SPY.Adjusted"	1
27	"Apr 2012"	"SPY.Adjusted.to.SPY.Adjusted"	1
28	"May 2012"	"SPY.Adjusted.to.SPY.Adjusted"	1
29	"Jun 2012"	"SPY.Adjusted.to.SPY.Adjusted"	1
30	"Jul 2012"	"SPY.Adjusted.to.SPY.Adjusted"	1
31	"Aug 2012"	"SPY.Adjusted.to.SPY.Adjusted"	1
32	"Sep 2012"	"SPY.Adjusted.to.SPY.Adjusted"	1
33	"Oct 2012"	"SPY.Adjusted.to.SPY.Adjusted"	1
34	"Nov 2012"	"SPY.Adjusted.to.SPY.Adjusted"	1
35	"Dec 2012"	"SPY.Adjusted.to.SPY.Adjusted"	1
36	"Jan 2013"	"SPY.Adjusted.to.SPY.Adjusted"	1
37	"Feb 2013"	"SPY.Adjusted.to.SPY.Adjusted"	1
38	"Mar 2013"	"SPY.Adjusted.to.SPY.Adjusted"	1
39	"Apr 2013"	"SPY.Adjusted.to.SPY.Adjusted"	1
40	"May 2013"	"SPY.Adjusted.to.SPY.Adjusted"	1
41	"Jun 2013"	"SPY.Adjusted.to.SPY.Adjusted"	1
42	"Jul 2013"	"SPY.Adjusted.to.SPY.Adjusted"	1
43	"Aug 2013"	"SPY.Adjusted.to.SPY.Adjusted"	1
44	"Sep 2013"	"SPY.Adjusted.to.SPY.Adjusted"	1
45	"Oct 2013"	"SPY.Adjusted.to.SPY.Adjusted"	1
46	"Nov 2013"	"SPY.Adjusted.to.SPY.Adjusted"	1
47	"Dec 2013"	"SPY.Adjusted.to.SPY.Adjusted"	1
48	"Jan 2014"	"SPY.Adjusted.to.SPY.Adjusted"	1
49	"Feb 2014"	"SPY.Adjusted.to.SPY.Adjusted"	1
50	"Mar 2014"	"SPY.Adjusted.to.SPY.Adjusted"	1
51	"Apr 2014"	"SPY.Adjusted.to.SPY.Adjusted"	1
52	"May 2014"	"SPY.Adjusted.to.SPY.Adjusted"	1
53	"Jun 2014"	"SPY.Adjusted.to.SPY.Adjusted"	1
54	"Jul 2014"	"SPY.Adjusted.to.SPY.Adjusted"	1
55	"Aug 2014"	"SPY.Adjusted.to.SPY.Adjusted"	1
56	"Sep 2014"	"SPY.Adjusted.to.SPY.Adjusted"	0.999999999999999
57	"Mar 2010"	"NMPAX.Adjusted"	0
58	"Apr 2010"	"NMPAX.Adjusted"	0
59	"May 2010"	"NMPAX.Adjusted"	0
60	"Jun 2010"	"NMPAX.Adjusted"	0
61	"Jul 2010"	"NMPAX.Adjusted"	0
62	"Aug 2010"	"NMPAX.Adjusted"	0
63	"Sep 2010"	"NMPAX.Adjusted"	0
64	"Oct 2010"	"NMPAX.Adjusted"	0
65	"Nov 2010"	"NMPAX.Adjusted"	0
66	"Dec 2010"	"NMPAX.Adjusted"	0
67	"Jan 2011"	"NMPAX.Adjusted"	0
68	"Feb 2011"	"NMPAX.Adjusted"	1.06108640065787
69	"Mar 2011"	"NMPAX.Adjusted"	1.05173073991827
70	"Apr 2011"	"NMPAX.Adjusted"	1.04602828632392
71	"May 2011"	"NMPAX.Adjusted"	1.08676074439064
72	"Jun 2011"	"NMPAX.Adjusted"	1.04359700256314
73	"Jul 2011"	"NMPAX.Adjusted"	1.10666644455313
74	"Aug 2011"	"NMPAX.Adjusted"	1.15411804696088
75	"Sep 2011"	"NMPAX.Adjusted"	1.22439099328111
76	"Oct 2011"	"NMPAX.Adjusted"	1.25160800660465
77	"Nov 2011"	"NMPAX.Adjusted"	1.25851370061312
78	"Dec 2011"	"NMPAX.Adjusted"	1.29667580252125
79	"Jan 2012"	"NMPAX.Adjusted"	1.31720063152754
80	"Feb 2012"	"NMPAX.Adjusted"	1.29909118923746
81	"Mar 2012"	"NMPAX.Adjusted"	1.28858343235221
82	"Apr 2012"	"NMPAX.Adjusted"	1.28567449875175
83	"May 2012"	"NMPAX.Adjusted"	1.2526740208719
84	"Jun 2012"	"NMPAX.Adjusted"	1.22610652908069
85	"Jul 2012"	"NMPAX.Adjusted"	1.22134803223935
86	"Aug 2012"	"NMPAX.Adjusted"	1.23445605282328
87	"Sep 2012"	"NMPAX.Adjusted"	1.16889560078312
88	"Oct 2012"	"NMPAX.Adjusted"	0.994841415503072
89	"Nov 2012"	"NMPAX.Adjusted"	0.987070003449793
90	"Dec 2012"	"NMPAX.Adjusted"	0.97888260953855
91	"Jan 2013"	"NMPAX.Adjusted"	0.993480802956409
92	"Feb 2013"	"NMPAX.Adjusted"	0.991860502031847
93	"Mar 2013"	"NMPAX.Adjusted"	1.04739213590947
94	"Apr 2013"	"NMPAX.Adjusted"	1.04067257142102
95	"May 2013"	"NMPAX.Adjusted"	0.950349951300066
96	"Jun 2013"	"NMPAX.Adjusted"	1.13816107062072
97	"Jul 2013"	"NMPAX.Adjusted"	1.12612058935902
98	"Aug 2013"	"NMPAX.Adjusted"	1.15950956495231
99	"Sep 2013"	"NMPAX.Adjusted"	1.20673659275792
100	"Oct 2013"	"NMPAX.Adjusted"	1.18673068913572
101	"Nov 2013"	"NMPAX.Adjusted"	1.19906305875777
102	"Dec 2013"	"NMPAX.Adjusted"	1.22942320915702
103	"Jan 2014"	"NMPAX.Adjusted"	1.0179385074716
104	"Feb 2014"	"NMPAX.Adjusted"	1.01934182171159
105	"Mar 2014"	"NMPAX.Adjusted"	1.00298296141652
106	"Apr 2014"	"NMPAX.Adjusted"	1.02880820074607
107	"May 2014"	"NMPAX.Adjusted"	1.02478599370987
108	"Jun 2014"	"NMPAX.Adjusted"	1.01947974307211
109	"Jul 2014"	"NMPAX.Adjusted"	1.07558822254074
110	"Aug 2014"	"NMPAX.Adjusted"	1.10020771252731
111	"Sep 2014"	"NMPAX.Adjusted"	1.04877404104575
112	"Mar 2010"	"NMSCX.Adjusted"	0
113	"Apr 2010"	"NMSCX.Adjusted"	0
114	"May 2010"	"NMSCX.Adjusted"	0
115	"Jun 2010"	"NMSCX.Adjusted"	0
116	"Jul 2010"	"NMSCX.Adjusted"	0
117	"Aug 2010"	"NMSCX.Adjusted"	0
118	"Sep 2010"	"NMSCX.Adjusted"	0
119	"Oct 2010"	"NMSCX.Adjusted"	0
120	"Nov 2010"	"NMSCX.Adjusted"	0
121	"Dec 2010"	"NMSCX.Adjusted"	0
122	"Jan 2011"	"NMSCX.Adjusted"	0
123	"Feb 2011"	"NMSCX.Adjusted"	1.1458562833222
124	"Mar 2011"	"NMSCX.Adjusted"	1.12659518053633
125	"Apr 2011"	"NMSCX.Adjusted"	1.11956385065785
126	"May 2011"	"NMSCX.Adjusted"	1.18445026274471
127	"Jun 2011"	"NMSCX.Adjusted"	1.14041183520886
128	"Jul 2011"	"NMSCX.Adjusted"	1.21652071923484
129	"Aug 2011"	"NMSCX.Adjusted"	1.18784434343027
130	"Sep 2011"	"NMSCX.Adjusted"	1.25034692109191
131	"Oct 2011"	"NMSCX.Adjusted"	1.30727053189124
132	"Nov 2011"	"NMSCX.Adjusted"	1.3119883158686
133	"Dec 2011"	"NMSCX.Adjusted"	1.33887919981757
134	"Jan 2012"	"NMSCX.Adjusted"	1.36796168620805
135	"Feb 2012"	"NMSCX.Adjusted"	1.31435555090325
136	"Mar 2012"	"NMSCX.Adjusted"	1.31118543311826
137	"Apr 2012"	"NMSCX.Adjusted"	1.3175892498455
138	"May 2012"	"NMSCX.Adjusted"	1.2814197861016
139	"Jun 2012"	"NMSCX.Adjusted"	1.27896937647256
140	"Jul 2012"	"NMSCX.Adjusted"	1.27404754460517
141	"Aug 2012"	"NMSCX.Adjusted"	1.27523681792167
142	"Sep 2012"	"NMSCX.Adjusted"	1.22048100155635
143	"Oct 2012"	"NMSCX.Adjusted"	1.03359652690093
144	"Nov 2012"	"NMSCX.Adjusted"	1.05042337717099
145	"Dec 2012"	"NMSCX.Adjusted"	1.04142398649654
146	"Jan 2013"	"NMSCX.Adjusted"	1.00527379160676
147	"Feb 2013"	"NMSCX.Adjusted"	1.07799556010389
148	"Mar 2013"	"NMSCX.Adjusted"	1.09577387470901
149	"Apr 2013"	"NMSCX.Adjusted"	1.06836613937244
150	"May 2013"	"NMSCX.Adjusted"	1.10544479824513
151	"Jun 2013"	"NMSCX.Adjusted"	1.02420294211451
152	"Jul 2013"	"NMSCX.Adjusted"	1.06735695414692
153	"Aug 2013"	"NMSCX.Adjusted"	1.04617594824392
154	"Sep 2013"	"NMSCX.Adjusted"	1.10913156586033
155	"Oct 2013"	"NMSCX.Adjusted"	0.991987474566584
156	"Nov 2013"	"NMSCX.Adjusted"	0.991159214082715
157	"Dec 2013"	"NMSCX.Adjusted"	1.01801888196368
158	"Jan 2014"	"NMSCX.Adjusted"	1.06057267705952
159	"Feb 2014"	"NMSCX.Adjusted"	1.03689999469527
160	"Mar 2014"	"NMSCX.Adjusted"	1.04366830594137
161	"Apr 2014"	"NMSCX.Adjusted"	1.0900349789509
162	"May 2014"	"NMSCX.Adjusted"	1.0580374015552
163	"Jun 2014"	"NMSCX.Adjusted"	1.11859688521194
164	"Jul 2014"	"NMSCX.Adjusted"	1.19132261096667
165	"Aug 2014"	"NMSCX.Adjusted"	1.33127748040051
166	"Sep 2014"	"NMSCX.Adjusted"	1.22402302088006
167	"Mar 2010"	"VEA.Adjusted"	0
168	"Apr 2010"	"VEA.Adjusted"	0
169	"May 2010"	"VEA.Adjusted"	0
170	"Jun 2010"	"VEA.Adjusted"	0
171	"Jul 2010"	"VEA.Adjusted"	0
172	"Aug 2010"	"VEA.Adjusted"	0
173	"Sep 2010"	"VEA.Adjusted"	0
174	"Oct 2010"	"VEA.Adjusted"	0
175	"Nov 2010"	"VEA.Adjusted"	0
176	"Dec 2010"	"VEA.Adjusted"	0
177	"Jan 2011"	"VEA.Adjusted"	0
178	"Feb 2011"	"VEA.Adjusted"	1.17737732665313
179	"Mar 2011"	"VEA.Adjusted"	1.1947880940782
180	"Apr 2011"	"VEA.Adjusted"	1.21219092913988
181	"May 2011"	"VEA.Adjusted"	1.14156487642707
182	"Jun 2011"	"VEA.Adjusted"	1.29828035663163
183	"Jul 2011"	"VEA.Adjusted"	1.18192743842945
184	"Aug 2011"	"VEA.Adjusted"	1.31966323689329
185	"Sep 2011"	"VEA.Adjusted"	1.42897837327495
186	"Oct 2011"	"VEA.Adjusted"	1.25096948700449
187	"Nov 2011"	"VEA.Adjusted"	1.2426786694066
188	"Dec 2011"	"VEA.Adjusted"	1.20365781680462
189	"Jan 2012"	"VEA.Adjusted"	1.22055392464197
190	"Feb 2012"	"VEA.Adjusted"	1.22520045381359
191	"Mar 2012"	"VEA.Adjusted"	1.19807872008367
192	"Apr 2012"	"VEA.Adjusted"	1.16214172131465
193	"May 2012"	"VEA.Adjusted"	1.21718894972536
194	"Jun 2012"	"VEA.Adjusted"	1.28164878920325
195	"Jul 2012"	"VEA.Adjusted"	1.30073278844577
196	"Aug 2012"	"VEA.Adjusted"	1.3211091373952
197	"Sep 2012"	"VEA.Adjusted"	1.30387152837845
198	"Oct 2012"	"VEA.Adjusted"	1.41933806144827
199	"Nov 2012"	"VEA.Adjusted"	1.39106194534406
200	"Dec 2012"	"VEA.Adjusted"	1.37020317296152
201	"Jan 2013"	"VEA.Adjusted"	1.28165628166992
202	"Feb 2013"	"VEA.Adjusted"	1.28828803485496
203	"Mar 2013"	"VEA.Adjusted"	1.27228992272024
204	"Apr 2013"	"VEA.Adjusted"	1.26960678660715
205	"May 2013"	"VEA.Adjusted"	0.466957993526483
206	"Jun 2013"	"VEA.Adjusted"	0.487947946977697
207	"Jul 2013"	"VEA.Adjusted"	0.595626852740501
208	"Aug 2013"	"VEA.Adjusted"	0.61347220916193
209	"Sep 2013"	"VEA.Adjusted"	0.722353340889567
210	"Oct 2013"	"VEA.Adjusted"	0.774392768489469
211	"Nov 2013"	"VEA.Adjusted"	0.794859862924495
212	"Dec 2013"	"VEA.Adjusted"	0.869205799040485
213	"Jan 2014"	"VEA.Adjusted"	0.981994547882689
214	"Feb 2014"	"VEA.Adjusted"	1.02812785785791
215	"Mar 2014"	"VEA.Adjusted"	1.08611263189018
216	"Apr 2014"	"VEA.Adjusted"	1.06176288337141
217	"May 2014"	"VEA.Adjusted"	1.10131908459601
218	"Jun 2014"	"VEA.Adjusted"	1.05798816246274
219	"Jul 2014"	"VEA.Adjusted"	1.09063229156892
220	"Aug 2014"	"VEA.Adjusted"	1.11662809762943
221	"Sep 2014"	"VEA.Adjusted"	0.986619783947301
222	"Mar 2010"	"DEMIX.Adjusted"	0
223	"Apr 2010"	"DEMIX.Adjusted"	0
224	"May 2010"	"DEMIX.Adjusted"	0
225	"Jun 2010"	"DEMIX.Adjusted"	0
226	"Jul 2010"	"DEMIX.Adjusted"	0
227	"Aug 2010"	"DEMIX.Adjusted"	0
228	"Sep 2010"	"DEMIX.Adjusted"	0
229	"Oct 2010"	"DEMIX.Adjusted"	0
230	"Nov 2010"	"DEMIX.Adjusted"	0
231	"Dec 2010"	"DEMIX.Adjusted"	0
232	"Jan 2011"	"DEMIX.Adjusted"	0
233	"Feb 2011"	"DEMIX.Adjusted"	1.01608368075392
234	"Mar 2011"	"DEMIX.Adjusted"	0.972975828465809
235	"Apr 2011"	"DEMIX.Adjusted"	0.971590493653045
236	"May 2011"	"DEMIX.Adjusted"	0.918556099144969
237	"Jun 2011"	"DEMIX.Adjusted"	1.10235637237192
238	"Jul 2011"	"DEMIX.Adjusted"	1.05567583963707
239	"Aug 2011"	"DEMIX.Adjusted"	1.24978854375338
240	"Sep 2011"	"DEMIX.Adjusted"	1.49661208396939
241	"Oct 2011"	"DEMIX.Adjusted"	1.46992378351521
242	"Nov 2011"	"DEMIX.Adjusted"	1.47092490483659
243	"Dec 2011"	"DEMIX.Adjusted"	1.45272989840714
244	"Jan 2012"	"DEMIX.Adjusted"	1.56329199044456
245	"Feb 2012"	"DEMIX.Adjusted"	1.5930527887894
246	"Mar 2012"	"DEMIX.Adjusted"	1.54495308048687
247	"Apr 2012"	"DEMIX.Adjusted"	1.53607649034838
248	"May 2012"	"DEMIX.Adjusted"	1.58579231653759
249	"Jun 2012"	"DEMIX.Adjusted"	1.60683392072296
250	"Jul 2012"	"DEMIX.Adjusted"	1.63967166566264
251	"Aug 2012"	"DEMIX.Adjusted"	1.73019469068346
252	"Sep 2012"	"DEMIX.Adjusted"	1.65722566048037
253	"Oct 2012"	"DEMIX.Adjusted"	1.68876219790822
254	"Nov 2012"	"DEMIX.Adjusted"	1.66566827735687
255	"Dec 2012"	"DEMIX.Adjusted"	1.63169850118349
256	"Jan 2013"	"DEMIX.Adjusted"	1.3549211973072
257	"Feb 2013"	"DEMIX.Adjusted"	1.36055846649611
258	"Mar 2013"	"DEMIX.Adjusted"	1.38377923562556
259	"Apr 2013"	"DEMIX.Adjusted"	1.37585409060304
260	"May 2013"	"DEMIX.Adjusted"	0.346827215741044
261	"Jun 2013"	"DEMIX.Adjusted"	0.723805297172334
262	"Jul 2013"	"DEMIX.Adjusted"	0.768195725681851
263	"Aug 2013"	"DEMIX.Adjusted"	0.674464916066709
264	"Sep 2013"	"DEMIX.Adjusted"	0.768674173232033
265	"Oct 2013"	"DEMIX.Adjusted"	0.823680890593392
266	"Nov 2013"	"DEMIX.Adjusted"	0.791813112019286
267	"Dec 2013"	"DEMIX.Adjusted"	0.92701489065794
268	"Jan 2014"	"DEMIX.Adjusted"	1.10558182217019
269	"Feb 2014"	"DEMIX.Adjusted"	1.11161008746357
270	"Mar 2014"	"DEMIX.Adjusted"	1.15112888457038
271	"Apr 2014"	"DEMIX.Adjusted"	1.14248240274861
272	"May 2014"	"DEMIX.Adjusted"	1.17636972844406
273	"Jun 2014"	"DEMIX.Adjusted"	1.03970283597877
274	"Jul 2014"	"DEMIX.Adjusted"	1.01542222700393
275	"Aug 2014"	"DEMIX.Adjusted"	1.1558057148857
276	"Sep 2014"	"DEMIX.Adjusted"	1.03786835406619
277	"Mar 2010"	"ACFFX.Adjusted"	0
278	"Apr 2010"	"ACFFX.Adjusted"	0
279	"May 2010"	"ACFFX.Adjusted"	0
280	"Jun 2010"	"ACFFX.Adjusted"	0
281	"Jul 2010"	"ACFFX.Adjusted"	0
282	"Aug 2010"	"ACFFX.Adjusted"	0
283	"Sep 2010"	"ACFFX.Adjusted"	0
284	"Oct 2010"	"ACFFX.Adjusted"	0
285	"Nov 2010"	"ACFFX.Adjusted"	0
286	"Dec 2010"	"ACFFX.Adjusted"	0
287	"Jan 2011"	"ACFFX.Adjusted"	0
288	"Feb 2011"	"ACFFX.Adjusted"	0.814796662946526
289	"Mar 2011"	"ACFFX.Adjusted"	0.832704423974908
290	"Apr 2011"	"ACFFX.Adjusted"	0.845546539870791
291	"May 2011"	"ACFFX.Adjusted"	0.76865308117017
292	"Jun 2011"	"ACFFX.Adjusted"	0.970105933379982
293	"Jul 2011"	"ACFFX.Adjusted"	0.93052626051856
294	"Aug 2011"	"ACFFX.Adjusted"	0.983260606730699
295	"Sep 2011"	"ACFFX.Adjusted"	1.11296421981022
296	"Oct 2011"	"ACFFX.Adjusted"	0.922649667477739
297	"Nov 2011"	"ACFFX.Adjusted"	0.920178379358638
298	"Dec 2011"	"ACFFX.Adjusted"	0.852602272736401
299	"Jan 2012"	"ACFFX.Adjusted"	0.893710215537658
300	"Feb 2012"	"ACFFX.Adjusted"	0.946570105362894
301	"Mar 2012"	"ACFFX.Adjusted"	0.922069539587621
302	"Apr 2012"	"ACFFX.Adjusted"	0.870527453686392
303	"May 2012"	"ACFFX.Adjusted"	0.876156787158706
304	"Jun 2012"	"ACFFX.Adjusted"	0.889872985853014
305	"Jul 2012"	"ACFFX.Adjusted"	0.916506103381782
306	"Aug 2012"	"ACFFX.Adjusted"	0.987255702637667
307	"Sep 2012"	"ACFFX.Adjusted"	0.784027106268983
308	"Oct 2012"	"ACFFX.Adjusted"	0.978449643883788
309	"Nov 2012"	"ACFFX.Adjusted"	0.973863053347236
310	"Dec 2012"	"ACFFX.Adjusted"	0.970316005315803
311	"Jan 2013"	"ACFFX.Adjusted"	0.763842083864066
312	"Feb 2013"	"ACFFX.Adjusted"	0.67597273041759
313	"Mar 2013"	"ACFFX.Adjusted"	0.773425998722565
314	"Apr 2013"	"ACFFX.Adjusted"	0.829314456442727
315	"May 2013"	"ACFFX.Adjusted"	0.44911410029431
316	"Jun 2013"	"ACFFX.Adjusted"	0.423870988137586
317	"Jul 2013"	"ACFFX.Adjusted"	0.530644917147432
318	"Aug 2013"	"ACFFX.Adjusted"	0.336344824179994
319	"Sep 2013"	"ACFFX.Adjusted"	0.375446468027157
320	"Oct 2013"	"ACFFX.Adjusted"	0.410984060644442
321	"Nov 2013"	"ACFFX.Adjusted"	0.335956774590669
322	"Dec 2013"	"ACFFX.Adjusted"	0.315167108230818
323	"Jan 2014"	"ACFFX.Adjusted"	0.457379292280164
324	"Feb 2014"	"ACFFX.Adjusted"	0.531499233875725
325	"Mar 2014"	"ACFFX.Adjusted"	0.509424063166877
326	"Apr 2014"	"ACFFX.Adjusted"	0.496946869659481
327	"May 2014"	"ACFFX.Adjusted"	0.542257973832443
328	"Jun 2014"	"ACFFX.Adjusted"	0.51129477520764
329	"Jul 2014"	"ACFFX.Adjusted"	0.548554452591955
330	"Aug 2014"	"ACFFX.Adjusted"	0.653682675363042
331	"Sep 2014"	"ACFFX.Adjusted"	0.717167797987287
332	"Mar 2010"	"PCLIX.Adjusted"	NA
333	"Apr 2010"	"PCLIX.Adjusted"	NA
334	"May 2010"	"PCLIX.Adjusted"	NA
335	"Jun 2010"	"PCLIX.Adjusted"	NA
336	"Jul 2010"	"PCLIX.Adjusted"	0
337	"Aug 2010"	"PCLIX.Adjusted"	0
338	"Sep 2010"	"PCLIX.Adjusted"	0
339	"Oct 2010"	"PCLIX.Adjusted"	0
340	"Nov 2010"	"PCLIX.Adjusted"	0
341	"Dec 2010"	"PCLIX.Adjusted"	0
342	"Jan 2011"	"PCLIX.Adjusted"	0
343	"Feb 2011"	"PCLIX.Adjusted"	0
344	"Mar 2011"	"PCLIX.Adjusted"	0
345	"Apr 2011"	"PCLIX.Adjusted"	0
346	"May 2011"	"PCLIX.Adjusted"	0
347	"Jun 2011"	"PCLIX.Adjusted"	1.0872270788442
348	"Jul 2011"	"PCLIX.Adjusted"	1.05382081520885
349	"Aug 2011"	"PCLIX.Adjusted"	0.988715218078142
350	"Sep 2011"	"PCLIX.Adjusted"	1.37789037645307
351	"Oct 2011"	"PCLIX.Adjusted"	1.12263533102634
352	"Nov 2011"	"PCLIX.Adjusted"	1.12673097654078
353	"Dec 2011"	"PCLIX.Adjusted"	1.05498990392004
354	"Jan 2012"	"PCLIX.Adjusted"	1.03865689084313
355	"Feb 2012"	"PCLIX.Adjusted"	1.0130462128839
356	"Mar 2012"	"PCLIX.Adjusted"	0.975492858548174
357	"Apr 2012"	"PCLIX.Adjusted"	0.940352453870473
358	"May 2012"	"PCLIX.Adjusted"	1.00302307174248
359	"Jun 2012"	"PCLIX.Adjusted"	0.980653131435191
360	"Jul 2012"	"PCLIX.Adjusted"	1.03932610252224
361	"Aug 2012"	"PCLIX.Adjusted"	1.19869141940344
362	"Sep 2012"	"PCLIX.Adjusted"	1.0386541304304
363	"Oct 2012"	"PCLIX.Adjusted"	1.23827648860439
364	"Nov 2012"	"PCLIX.Adjusted"	1.23006004574877
365	"Dec 2012"	"PCLIX.Adjusted"	1.22592159945722
366	"Jan 2013"	"PCLIX.Adjusted"	1.2244855513433
367	"Feb 2013"	"PCLIX.Adjusted"	1.18447329910049
368	"Mar 2013"	"PCLIX.Adjusted"	1.23221489052569
369	"Apr 2013"	"PCLIX.Adjusted"	1.22649290271392
370	"May 2013"	"PCLIX.Adjusted"	0.854114436897357
371	"Jun 2013"	"PCLIX.Adjusted"	0.963123852156962
372	"Jul 2013"	"PCLIX.Adjusted"	1.05477791678324
373	"Aug 2013"	"PCLIX.Adjusted"	0.491828334299672
374	"Sep 2013"	"PCLIX.Adjusted"	0.422090447652802
375	"Oct 2013"	"PCLIX.Adjusted"	0.226719645084044
376	"Nov 2013"	"PCLIX.Adjusted"	0.286090414224815
377	"Dec 2013"	"PCLIX.Adjusted"	0.296950948157905
378	"Jan 2014"	"PCLIX.Adjusted"	0.162080904358762
379	"Feb 2014"	"PCLIX.Adjusted"	0.290187360680879
380	"Mar 2014"	"PCLIX.Adjusted"	0.272117544570096
381	"Apr 2014"	"PCLIX.Adjusted"	0.2708830837697
382	"May 2014"	"PCLIX.Adjusted"	0.286077818872386
383	"Jun 2014"	"PCLIX.Adjusted"	0.197331658547488
384	"Jul 2014"	"PCLIX.Adjusted"	0.257182755141176
385	"Aug 2014"	"PCLIX.Adjusted"	0.498894147453529
386	"Sep 2014"	"PCLIX.Adjusted"	0.670308296759892
387	"Mar 2010"	"VNQ.Adjusted"	0
388	"Apr 2010"	"VNQ.Adjusted"	0
389	"May 2010"	"VNQ.Adjusted"	0
390	"Jun 2010"	"VNQ.Adjusted"	0
391	"Jul 2010"	"VNQ.Adjusted"	0
392	"Aug 2010"	"VNQ.Adjusted"	0
393	"Sep 2010"	"VNQ.Adjusted"	0
394	"Oct 2010"	"VNQ.Adjusted"	0
395	"Nov 2010"	"VNQ.Adjusted"	0
396	"Dec 2010"	"VNQ.Adjusted"	0
397	"Jan 2011"	"VNQ.Adjusted"	0
398	"Feb 2011"	"VNQ.Adjusted"	0.837691792399051
399	"Mar 2011"	"VNQ.Adjusted"	0.791604192356899
400	"Apr 2011"	"VNQ.Adjusted"	0.802568648203089
401	"May 2011"	"VNQ.Adjusted"	0.796687526396944
402	"Jun 2011"	"VNQ.Adjusted"	0.779314396674712
403	"Jul 2011"	"VNQ.Adjusted"	0.613917883839981
404	"Aug 2011"	"VNQ.Adjusted"	0.757727855211114
405	"Sep 2011"	"VNQ.Adjusted"	1.1423463005073
406	"Oct 2011"	"VNQ.Adjusted"	1.2049894580552
407	"Nov 2011"	"VNQ.Adjusted"	1.21406488221973
408	"Dec 2011"	"VNQ.Adjusted"	1.32434896898878
409	"Jan 2012"	"VNQ.Adjusted"	1.32204540377181
410	"Feb 2012"	"VNQ.Adjusted"	1.21469575026004
411	"Mar 2012"	"VNQ.Adjusted"	1.22162329571196
412	"Apr 2012"	"VNQ.Adjusted"	1.18774365404593
413	"May 2012"	"VNQ.Adjusted"	1.15126591069445
414	"Jun 2012"	"VNQ.Adjusted"	1.14343537647295
415	"Jul 2012"	"VNQ.Adjusted"	1.17465483627752
416	"Aug 2012"	"VNQ.Adjusted"	1.17650106332567
417	"Sep 2012"	"VNQ.Adjusted"	1.03032698502001
418	"Oct 2012"	"VNQ.Adjusted"	0.737414196317859
419	"Nov 2012"	"VNQ.Adjusted"	0.68066816132298
420	"Dec 2012"	"VNQ.Adjusted"	0.679327416616556
421	"Jan 2013"	"VNQ.Adjusted"	0.584921758539299
422	"Feb 2013"	"VNQ.Adjusted"	0.724955447496941
423	"Mar 2013"	"VNQ.Adjusted"	0.663829645006791
424	"Apr 2013"	"VNQ.Adjusted"	0.754418869701025
425	"May 2013"	"VNQ.Adjusted"	0.572929680932835
426	"Jun 2013"	"VNQ.Adjusted"	0.499204790707315
427	"Jul 2013"	"VNQ.Adjusted"	0.417866854735325
428	"Aug 2013"	"VNQ.Adjusted"	0.767116960946754
429	"Sep 2013"	"VNQ.Adjusted"	0.849775597032766
430	"Oct 2013"	"VNQ.Adjusted"	0.972737314301947
431	"Nov 2013"	"VNQ.Adjusted"	0.902897721261689
432	"Dec 2013"	"VNQ.Adjusted"	0.996856486402447
433	"Jan 2014"	"VNQ.Adjusted"	0.389748501948386
434	"Feb 2014"	"VNQ.Adjusted"	0.495004479869016
435	"Mar 2014"	"VNQ.Adjusted"	0.46149007687969
436	"Apr 2014"	"VNQ.Adjusted"	0.408064547924121
437	"May 2014"	"VNQ.Adjusted"	0.476409003245299
438	"Jun 2014"	"VNQ.Adjusted"	0.421313067754116
439	"Jul 2014"	"VNQ.Adjusted"	0.487080485465594
440	"Aug 2014"	"VNQ.Adjusted"	0.0601102974463863
441	"Sep 2014"	"VNQ.Adjusted"	0.23191268633291
442	"Mar 2010"	"RWX.Adjusted"	0
443	"Apr 2010"	"RWX.Adjusted"	0
444	"May 2010"	"RWX.Adjusted"	0
445	"Jun 2010"	"RWX.Adjusted"	0
446	"Jul 2010"	"RWX.Adjusted"	0
447	"Aug 2010"	"RWX.Adjusted"	0
448	"Sep 2010"	"RWX.Adjusted"	0
449	"Oct 2010"	"RWX.Adjusted"	0
450	"Nov 2010"	"RWX.Adjusted"	0
451	"Dec 2010"	"RWX.Adjusted"	0
452	"Jan 2011"	"RWX.Adjusted"	0
453	"Feb 2011"	"RWX.Adjusted"	1.03990955828907
454	"Mar 2011"	"RWX.Adjusted"	1.09566511195434
455	"Apr 2011"	"RWX.Adjusted"	1.10892240349595
456	"May 2011"	"RWX.Adjusted"	0.968628002641097
457	"Jun 2011"	"RWX.Adjusted"	1.14708063598128
458	"Jul 2011"	"RWX.Adjusted"	1.01300860618993
459	"Aug 2011"	"RWX.Adjusted"	1.15591628982742
460	"Sep 2011"	"RWX.Adjusted"	1.41913451636084
461	"Oct 2011"	"RWX.Adjusted"	1.21599559342257
462	"Nov 2011"	"RWX.Adjusted"	1.20566836863689
463	"Dec 2011"	"RWX.Adjusted"	1.11359815413626
464	"Jan 2012"	"RWX.Adjusted"	1.2192738602748
465	"Feb 2012"	"RWX.Adjusted"	1.23150967508781
466	"Mar 2012"	"RWX.Adjusted"	1.21451503026374
467	"Apr 2012"	"RWX.Adjusted"	1.16591431584052
468	"May 2012"	"RWX.Adjusted"	1.17117638648386
469	"Jun 2012"	"RWX.Adjusted"	1.23917984708859
470	"Jul 2012"	"RWX.Adjusted"	1.25228642843426
471	"Aug 2012"	"RWX.Adjusted"	1.33307386676152
472	"Sep 2012"	"RWX.Adjusted"	1.13955595937891
473	"Oct 2012"	"RWX.Adjusted"	1.20456851759362
474	"Nov 2012"	"RWX.Adjusted"	1.16559210590044
475	"Dec 2012"	"RWX.Adjusted"	1.13915569191364
476	"Jan 2013"	"RWX.Adjusted"	0.818567555372906
477	"Feb 2013"	"RWX.Adjusted"	0.804319697499052
478	"Mar 2013"	"RWX.Adjusted"	0.82796142094334
479	"Apr 2013"	"RWX.Adjusted"	0.880122981581504
480	"May 2013"	"RWX.Adjusted"	-0.0658447090663
481	"Jun 2013"	"RWX.Adjusted"	-0.16434311394753
482	"Jul 2013"	"RWX.Adjusted"	-0.0886773426875644
483	"Aug 2013"	"RWX.Adjusted"	0.244820045224259
484	"Sep 2013"	"RWX.Adjusted"	0.39593589470915
485	"Oct 2013"	"RWX.Adjusted"	0.604395844742332
486	"Nov 2013"	"RWX.Adjusted"	0.593839422484537
487	"Dec 2013"	"RWX.Adjusted"	0.676306742653963
488	"Jan 2014"	"RWX.Adjusted"	0.785321373910034
489	"Feb 2014"	"RWX.Adjusted"	0.863969500919789
490	"Mar 2014"	"RWX.Adjusted"	0.831484199836093
491	"Apr 2014"	"RWX.Adjusted"	0.765293899950081
492	"May 2014"	"RWX.Adjusted"	0.881432512865083
493	"Jun 2014"	"RWX.Adjusted"	0.87950020366145
494	"Jul 2014"	"RWX.Adjusted"	0.976521017120131
495	"Aug 2014"	"RWX.Adjusted"	0.8391371369252
496	"Sep 2014"	"RWX.Adjusted"	0.765278540540818
497	"Mar 2010"	"FDAAX.Adjusted"	0
498	"Apr 2010"	"FDAAX.Adjusted"	0
499	"May 2010"	"FDAAX.Adjusted"	0
500	"Jun 2010"	"FDAAX.Adjusted"	0
501	"Jul 2010"	"FDAAX.Adjusted"	0
502	"Aug 2010"	"FDAAX.Adjusted"	0
503	"Sep 2010"	"FDAAX.Adjusted"	0
504	"Oct 2010"	"FDAAX.Adjusted"	0
505	"Nov 2010"	"FDAAX.Adjusted"	0
506	"Dec 2010"	"FDAAX.Adjusted"	0
507	"Jan 2011"	"FDAAX.Adjusted"	0
508	"Feb 2011"	"FDAAX.Adjusted"	0.12730030961931
509	"Mar 2011"	"FDAAX.Adjusted"	0.125441387503375
510	"Apr 2011"	"FDAAX.Adjusted"	0.125619616032048
511	"May 2011"	"FDAAX.Adjusted"	0.100859207246259
512	"Jun 2011"	"FDAAX.Adjusted"	0.101765054637427
513	"Jul 2011"	"FDAAX.Adjusted"	0.0955727454044166
514	"Aug 2011"	"FDAAX.Adjusted"	0.281491461058539
515	"Sep 2011"	"FDAAX.Adjusted"	0.230921075442345
516	"Oct 2011"	"FDAAX.Adjusted"	0.22147083124339
517	"Nov 2011"	"FDAAX.Adjusted"	0.223783546849419
518	"Dec 2011"	"FDAAX.Adjusted"	0.234190691466036
519	"Jan 2012"	"FDAAX.Adjusted"	0.241630120206118
520	"Feb 2012"	"FDAAX.Adjusted"	0.245946639032772
521	"Mar 2012"	"FDAAX.Adjusted"	0.245782983933437
522	"Apr 2012"	"FDAAX.Adjusted"	0.242592884609824
523	"May 2012"	"FDAAX.Adjusted"	0.231711884778854
524	"Jun 2012"	"FDAAX.Adjusted"	0.224842675896768
525	"Jul 2012"	"FDAAX.Adjusted"	0.231816736694412
526	"Aug 2012"	"FDAAX.Adjusted"	0.141736126968768
527	"Sep 2012"	"FDAAX.Adjusted"	0.186438560476327
528	"Oct 2012"	"FDAAX.Adjusted"	0.162049977328367
529	"Nov 2012"	"FDAAX.Adjusted"	0.150975667254275
530	"Dec 2012"	"FDAAX.Adjusted"	0.151522185670718
531	"Jan 2013"	"FDAAX.Adjusted"	0.121782074813455
532	"Feb 2013"	"FDAAX.Adjusted"	0.119655528815171
533	"Mar 2013"	"FDAAX.Adjusted"	0.116877100235421
534	"Apr 2013"	"FDAAX.Adjusted"	0.124184207228442
535	"May 2013"	"FDAAX.Adjusted"	0.0580284195105338
536	"Jun 2013"	"FDAAX.Adjusted"	0.127787339133014
537	"Jul 2013"	"FDAAX.Adjusted"	0.129495900557689
538	"Aug 2013"	"FDAAX.Adjusted"	0.11134044106333
539	"Sep 2013"	"FDAAX.Adjusted"	0.0987978606207383
540	"Oct 2013"	"FDAAX.Adjusted"	0.126248636077415
541	"Nov 2013"	"FDAAX.Adjusted"	0.127660564592047
542	"Dec 2013"	"FDAAX.Adjusted"	0.132942775312248
543	"Jan 2014"	"FDAAX.Adjusted"	0.0777825653342162
544	"Feb 2014"	"FDAAX.Adjusted"	0.0634420933871796
545	"Mar 2014"	"FDAAX.Adjusted"	0.0566019195463684
546	"Apr 2014"	"FDAAX.Adjusted"	0.0589478161967235
547	"May 2014"	"FDAAX.Adjusted"	0.0597321838444216
548	"Jun 2014"	"FDAAX.Adjusted"	0.0384513833944698
549	"Jul 2014"	"FDAAX.Adjusted"	0.0226751585665793
550	"Aug 2014"	"FDAAX.Adjusted"	-0.00192511887325334
551	"Sep 2014"	"FDAAX.Adjusted"	0.0196498886954171
552	"Mar 2010"	"WFC.Adjusted"	0
553	"Apr 2010"	"WFC.Adjusted"	0
554	"May 2010"	"WFC.Adjusted"	0
555	"Jun 2010"	"WFC.Adjusted"	0
556	"Jul 2010"	"WFC.Adjusted"	0
557	"Aug 2010"	"WFC.Adjusted"	0
558	"Sep 2010"	"WFC.Adjusted"	0
559	"Oct 2010"	"WFC.Adjusted"	0
560	"Nov 2010"	"WFC.Adjusted"	0
561	"Dec 2010"	"WFC.Adjusted"	0
562	"Jan 2011"	"WFC.Adjusted"	0
563	"Feb 2011"	"WFC.Adjusted"	1.64204493184127
564	"Mar 2011"	"WFC.Adjusted"	1.56426197153106
565	"Apr 2011"	"WFC.Adjusted"	1.50765183569244
566	"May 2011"	"WFC.Adjusted"	1.54613353270777
567	"Jun 2011"	"WFC.Adjusted"	1.44687922026647
568	"Jul 2011"	"WFC.Adjusted"	1.3238111700787
569	"Aug 2011"	"WFC.Adjusted"	0.96672412629246
570	"Sep 2011"	"WFC.Adjusted"	1.07770784472985
571	"Oct 2011"	"WFC.Adjusted"	0.924007111257783
572	"Nov 2011"	"WFC.Adjusted"	0.932882030770651
573	"Dec 2011"	"WFC.Adjusted"	0.721775852097579
574	"Jan 2012"	"WFC.Adjusted"	0.752682289922312
575	"Feb 2012"	"WFC.Adjusted"	0.855031741907349
576	"Mar 2012"	"WFC.Adjusted"	0.918248344396429
577	"Apr 2012"	"WFC.Adjusted"	1.03077855463123
578	"May 2012"	"WFC.Adjusted"	0.987162854587457
579	"Jun 2012"	"WFC.Adjusted"	0.970878967834904
580	"Jul 2012"	"WFC.Adjusted"	0.971560880305572
581	"Aug 2012"	"WFC.Adjusted"	0.90813482961853
582	"Sep 2012"	"WFC.Adjusted"	0.773289353801931
583	"Oct 2012"	"WFC.Adjusted"	1.08991863784234
584	"Nov 2012"	"WFC.Adjusted"	1.10547790461745
585	"Dec 2012"	"WFC.Adjusted"	1.10973113690064
586	"Jan 2013"	"WFC.Adjusted"	0.971294975535462
587	"Feb 2013"	"WFC.Adjusted"	0.87437242320973
588	"Mar 2013"	"WFC.Adjusted"	0.788997598118145
589	"Apr 2013"	"WFC.Adjusted"	0.761830069937118
590	"May 2013"	"WFC.Adjusted"	0.977481556490802
591	"Jun 2013"	"WFC.Adjusted"	0.774660068862778
592	"Jul 2013"	"WFC.Adjusted"	0.801658371805325
593	"Aug 2013"	"WFC.Adjusted"	1.02503359701254
594	"Sep 2013"	"WFC.Adjusted"	0.978883274511664
595	"Oct 2013"	"WFC.Adjusted"	0.870108157954764
596	"Nov 2013"	"WFC.Adjusted"	0.820258172859716
597	"Dec 2013"	"WFC.Adjusted"	0.86311686855928
598	"Jan 2014"	"WFC.Adjusted"	0.822757836369822
599	"Feb 2014"	"WFC.Adjusted"	0.765540276908483
600	"Mar 2014"	"WFC.Adjusted"	0.684886056940937
601	"Apr 2014"	"WFC.Adjusted"	0.70793993851638
602	"May 2014"	"WFC.Adjusted"	0.67052483872397
603	"Jun 2014"	"WFC.Adjusted"	0.731642810921328
604	"Jul 2014"	"WFC.Adjusted"	0.80369256777048
605	"Aug 2014"	"WFC.Adjusted"	0.512239710203148
606	"Sep 2014"	"WFC.Adjusted"	0.572877716192241
607	"Mar 2010"	"CVX.Adjusted"	0
608	"Apr 2010"	"CVX.Adjusted"	0
609	"May 2010"	"CVX.Adjusted"	0
610	"Jun 2010"	"CVX.Adjusted"	0
611	"Jul 2010"	"CVX.Adjusted"	0
612	"Aug 2010"	"CVX.Adjusted"	0
613	"Sep 2010"	"CVX.Adjusted"	0
614	"Oct 2010"	"CVX.Adjusted"	0
615	"Nov 2010"	"CVX.Adjusted"	0
616	"Dec 2010"	"CVX.Adjusted"	0
617	"Jan 2011"	"CVX.Adjusted"	0
618	"Feb 2011"	"CVX.Adjusted"	1.23020401708692
619	"Mar 2011"	"CVX.Adjusted"	1.28331678471369
620	"Apr 2011"	"CVX.Adjusted"	1.26418438361862
621	"May 2011"	"CVX.Adjusted"	1.33040971393999
622	"Jun 2011"	"CVX.Adjusted"	1.25416121951188
623	"Jul 2011"	"CVX.Adjusted"	1.11190492917734
624	"Aug 2011"	"CVX.Adjusted"	1.15005520585244
625	"Sep 2011"	"CVX.Adjusted"	1.23090137980666
626	"Oct 2011"	"CVX.Adjusted"	1.22883573250183
627	"Nov 2011"	"CVX.Adjusted"	1.23175811479247
628	"Dec 2011"	"CVX.Adjusted"	1.15378203900517
629	"Jan 2012"	"CVX.Adjusted"	0.987157377733459
630	"Feb 2012"	"CVX.Adjusted"	0.942064958622414
631	"Mar 2012"	"CVX.Adjusted"	0.903700404902965
632	"Apr 2012"	"CVX.Adjusted"	0.906567647708143
633	"May 2012"	"CVX.Adjusted"	0.922755170186735
634	"Jun 2012"	"CVX.Adjusted"	0.964651839743203
635	"Jul 2012"	"CVX.Adjusted"	0.99612732530213
636	"Aug 2012"	"CVX.Adjusted"	1.03158881449983
637	"Sep 2012"	"CVX.Adjusted"	1.07984002804046
638	"Oct 2012"	"CVX.Adjusted"	1.01097288936452
639	"Nov 2012"	"CVX.Adjusted"	1.0274660187869
640	"Dec 2012"	"CVX.Adjusted"	1.02661690429955
641	"Jan 2013"	"CVX.Adjusted"	1.31969315523212
642	"Feb 2013"	"CVX.Adjusted"	1.27644375788404
643	"Mar 2013"	"CVX.Adjusted"	1.31073543527059
644	"Apr 2013"	"CVX.Adjusted"	1.323753984288
645	"May 2013"	"CVX.Adjusted"	1.59286726572385
646	"Jun 2013"	"CVX.Adjusted"	1.51061373355893
647	"Jul 2013"	"CVX.Adjusted"	1.53447472227788
648	"Aug 2013"	"CVX.Adjusted"	1.37441928298046
649	"Sep 2013"	"CVX.Adjusted"	1.30217266466191
650	"Oct 2013"	"CVX.Adjusted"	0.988233823253234
651	"Nov 2013"	"CVX.Adjusted"	0.928930515554938
652	"Dec 2013"	"CVX.Adjusted"	0.973928016313106
653	"Jan 2014"	"CVX.Adjusted"	1.25925465771258
654	"Feb 2014"	"CVX.Adjusted"	1.29299227652352
655	"Mar 2014"	"CVX.Adjusted"	1.28050223517038
656	"Apr 2014"	"CVX.Adjusted"	1.21166014798604
657	"May 2014"	"CVX.Adjusted"	1.19062603697144
658	"Jun 2014"	"CVX.Adjusted"	1.18391562201657
659	"Jul 2014"	"CVX.Adjusted"	1.07171133138779
660	"Aug 2014"	"CVX.Adjusted"	1.03291037211307
661	"Sep 2014"	"CVX.Adjusted"	1.18302838128261
662	"Mar 2010"	"JNJ.Adjusted"	0
663	"Apr 2010"	"JNJ.Adjusted"	0
664	"May 2010"	"JNJ.Adjusted"	0
665	"Jun 2010"	"JNJ.Adjusted"	0
666	"Jul 2010"	"JNJ.Adjusted"	0
667	"Aug 2010"	"JNJ.Adjusted"	0
668	"Sep 2010"	"JNJ.Adjusted"	0
669	"Oct 2010"	"JNJ.Adjusted"	0
670	"Nov 2010"	"JNJ.Adjusted"	0
671	"Dec 2010"	"JNJ.Adjusted"	0
672	"Jan 2011"	"JNJ.Adjusted"	0
673	"Feb 2011"	"JNJ.Adjusted"	0.530855811898778
674	"Mar 2011"	"JNJ.Adjusted"	0.526377373957988
675	"Apr 2011"	"JNJ.Adjusted"	0.578023002651959
676	"May 2011"	"JNJ.Adjusted"	0.342576967502536
677	"Jun 2011"	"JNJ.Adjusted"	0.470734390196188
678	"Jul 2011"	"JNJ.Adjusted"	0.678750420662968
679	"Aug 2011"	"JNJ.Adjusted"	0.50804528508402
680	"Sep 2011"	"JNJ.Adjusted"	0.361955993462937
681	"Oct 2011"	"JNJ.Adjusted"	0.223243703856181
682	"Nov 2011"	"JNJ.Adjusted"	0.210306702797168
683	"Dec 2011"	"JNJ.Adjusted"	0.254902568102302
684	"Jan 2012"	"JNJ.Adjusted"	0.266118697144212
685	"Feb 2012"	"JNJ.Adjusted"	0.206460410768679
686	"Mar 2012"	"JNJ.Adjusted"	0.193008669132145
687	"Apr 2012"	"JNJ.Adjusted"	0.115781891726262
688	"May 2012"	"JNJ.Adjusted"	0.184151857844842
689	"Jun 2012"	"JNJ.Adjusted"	0.270296169760495
690	"Jul 2012"	"JNJ.Adjusted"	0.249651122006895
691	"Aug 2012"	"JNJ.Adjusted"	0.324340124757163
692	"Sep 2012"	"JNJ.Adjusted"	0.272231090242442
693	"Oct 2012"	"JNJ.Adjusted"	0.397154931452313
694	"Nov 2012"	"JNJ.Adjusted"	0.424052988892989
695	"Dec 2012"	"JNJ.Adjusted"	0.426160987096206
696	"Jan 2013"	"JNJ.Adjusted"	0.587988478142135
697	"Feb 2013"	"JNJ.Adjusted"	0.71108668508104
698	"Mar 2013"	"JNJ.Adjusted"	0.845718305232631
699	"Apr 2013"	"JNJ.Adjusted"	0.815973263604285
700	"May 2013"	"JNJ.Adjusted"	0.821354814377624
701	"Jun 2013"	"JNJ.Adjusted"	0.468532236782238
702	"Jul 2013"	"JNJ.Adjusted"	0.772381426153277
703	"Aug 2013"	"JNJ.Adjusted"	1.20042519104086
704	"Sep 2013"	"JNJ.Adjusted"	1.13078674554523
705	"Oct 2013"	"JNJ.Adjusted"	1.39913342092556
706	"Nov 2013"	"JNJ.Adjusted"	1.35979865949969
707	"Dec 2013"	"JNJ.Adjusted"	1.32767505464722
708	"Jan 2014"	"JNJ.Adjusted"	1.25076256309079
709	"Feb 2014"	"JNJ.Adjusted"	1.25142376670658
710	"Mar 2014"	"JNJ.Adjusted"	1.13102740132013
711	"Apr 2014"	"JNJ.Adjusted"	1.10034117061201
712	"May 2014"	"JNJ.Adjusted"	1.11269987956991
713	"Jun 2014"	"JNJ.Adjusted"	1.24074124138618
714	"Jul 2014"	"JNJ.Adjusted"	1.1845889606117
715	"Aug 2014"	"JNJ.Adjusted"	0.992660167572345
716	"Sep 2014"	"JNJ.Adjusted"	0.999422624503602
717	"Mar 2010"	"PPSIX.Adjusted"	0
718	"Apr 2010"	"PPSIX.Adjusted"	0
719	"May 2010"	"PPSIX.Adjusted"	0
720	"Jun 2010"	"PPSIX.Adjusted"	0
721	"Jul 2010"	"PPSIX.Adjusted"	0
722	"Aug 2010"	"PPSIX.Adjusted"	0
723	"Sep 2010"	"PPSIX.Adjusted"	0
724	"Oct 2010"	"PPSIX.Adjusted"	0
725	"Nov 2010"	"PPSIX.Adjusted"	0
726	"Dec 2010"	"PPSIX.Adjusted"	0
727	"Jan 2011"	"PPSIX.Adjusted"	0
728	"Feb 2011"	"PPSIX.Adjusted"	0.213335317540811
729	"Mar 2011"	"PPSIX.Adjusted"	0.19790446883518
730	"Apr 2011"	"PPSIX.Adjusted"	0.198778279870169
731	"May 2011"	"PPSIX.Adjusted"	0.0419584763345171
732	"Jun 2011"	"PPSIX.Adjusted"	0.119009400125004
733	"Jul 2011"	"PPSIX.Adjusted"	0.0633798510743707
734	"Aug 2011"	"PPSIX.Adjusted"	0.248652096059134
735	"Sep 2011"	"PPSIX.Adjusted"	0.321399991658047
736	"Oct 2011"	"PPSIX.Adjusted"	0.325816237599418
737	"Nov 2011"	"PPSIX.Adjusted"	0.335277247531833
738	"Dec 2011"	"PPSIX.Adjusted"	0.388731001061843
739	"Jan 2012"	"PPSIX.Adjusted"	0.425232618826429
740	"Feb 2012"	"PPSIX.Adjusted"	0.436444871800073
741	"Mar 2012"	"PPSIX.Adjusted"	0.433327772656726
742	"Apr 2012"	"PPSIX.Adjusted"	0.430559956308942
743	"May 2012"	"PPSIX.Adjusted"	0.397771700259574
744	"Jun 2012"	"PPSIX.Adjusted"	0.396698321918352
745	"Jul 2012"	"PPSIX.Adjusted"	0.400496639696141
746	"Aug 2012"	"PPSIX.Adjusted"	0.392540265398531
747	"Sep 2012"	"PPSIX.Adjusted"	0.32857353789864
748	"Oct 2012"	"PPSIX.Adjusted"	0.348871821835136
749	"Nov 2012"	"PPSIX.Adjusted"	0.298797648727755
750	"Dec 2012"	"PPSIX.Adjusted"	0.300059254943086
751	"Jan 2013"	"PPSIX.Adjusted"	0.194054242316135
752	"Feb 2013"	"PPSIX.Adjusted"	0.167455913529808
753	"Mar 2013"	"PPSIX.Adjusted"	0.159178869893378
754	"Apr 2013"	"PPSIX.Adjusted"	0.148621620495561
755	"May 2013"	"PPSIX.Adjusted"	-0.00737477905659653
756	"Jun 2013"	"PPSIX.Adjusted"	0.237241552151567
757	"Jul 2013"	"PPSIX.Adjusted"	0.177704184113831
758	"Aug 2013"	"PPSIX.Adjusted"	0.236714533420215
759	"Sep 2013"	"PPSIX.Adjusted"	0.21493468226611
760	"Oct 2013"	"PPSIX.Adjusted"	0.362455032514789
761	"Nov 2013"	"PPSIX.Adjusted"	0.371329809881772
762	"Dec 2013"	"PPSIX.Adjusted"	0.395354296299914
763	"Jan 2014"	"PPSIX.Adjusted"	0.159771728205832
764	"Feb 2014"	"PPSIX.Adjusted"	0.198626594117547
765	"Mar 2014"	"PPSIX.Adjusted"	0.180608515561704
766	"Apr 2014"	"PPSIX.Adjusted"	0.161794482733827
767	"May 2014"	"PPSIX.Adjusted"	0.174385079301261
768	"Jun 2014"	"PPSIX.Adjusted"	0.0650464481595088
769	"Jul 2014"	"PPSIX.Adjusted"	0.119631029136233
770	"Aug 2014"	"PPSIX.Adjusted"	-0.0270445676436595
771	"Sep 2014"	"PPSIX.Adjusted"	0.0548568956539583
772	"Mar 2010"	"XOM.Adjusted"	0
773	"Apr 2010"	"XOM.Adjusted"	0
774	"May 2010"	"XOM.Adjusted"	0
775	"Jun 2010"	"XOM.Adjusted"	0
776	"Jul 2010"	"XOM.Adjusted"	0
777	"Aug 2010"	"XOM.Adjusted"	0
778	"Sep 2010"	"XOM.Adjusted"	0
779	"Oct 2010"	"XOM.Adjusted"	0
780	"Nov 2010"	"XOM.Adjusted"	0
781	"Dec 2010"	"XOM.Adjusted"	0
782	"Jan 2011"	"XOM.Adjusted"	0
783	"Feb 2011"	"XOM.Adjusted"	0.813754234038712
784	"Mar 2011"	"XOM.Adjusted"	0.876336837547536
785	"Apr 2011"	"XOM.Adjusted"	0.881189754239396
786	"May 2011"	"XOM.Adjusted"	0.742223664756502
787	"Jun 2011"	"XOM.Adjusted"	0.664040502113799
788	"Jul 2011"	"XOM.Adjusted"	0.771440108485871
789	"Aug 2011"	"XOM.Adjusted"	0.982376427057479
790	"Sep 2011"	"XOM.Adjusted"	1.0677696791173
791	"Oct 2011"	"XOM.Adjusted"	0.831322840124956
792	"Nov 2011"	"XOM.Adjusted"	0.830303863074345
793	"Dec 2011"	"XOM.Adjusted"	0.880372105303199
794	"Jan 2012"	"XOM.Adjusted"	0.7145898692803
795	"Feb 2012"	"XOM.Adjusted"	0.677264983802387
796	"Mar 2012"	"XOM.Adjusted"	0.65401179885597
797	"Apr 2012"	"XOM.Adjusted"	0.6292281371747
798	"May 2012"	"XOM.Adjusted"	0.704163199117514
799	"Jun 2012"	"XOM.Adjusted"	0.767963592548184
800	"Jul 2012"	"XOM.Adjusted"	0.761197533781393
801	"Aug 2012"	"XOM.Adjusted"	0.67800258046549
802	"Sep 2012"	"XOM.Adjusted"	0.793676850537792
803	"Oct 2012"	"XOM.Adjusted"	0.920304766172212
804	"Nov 2012"	"XOM.Adjusted"	1.0063466805944
805	"Dec 2012"	"XOM.Adjusted"	1.02620412197292
806	"Jan 2013"	"XOM.Adjusted"	1.17016242146635
807	"Feb 2013"	"XOM.Adjusted"	1.1875085609775
808	"Mar 2013"	"XOM.Adjusted"	1.16178431978862
809	"Apr 2013"	"XOM.Adjusted"	1.16575027302993
810	"May 2013"	"XOM.Adjusted"	1.10615550837429
811	"Jun 2013"	"XOM.Adjusted"	0.65154148912116
812	"Jul 2013"	"XOM.Adjusted"	0.711662723279214
813	"Aug 2013"	"XOM.Adjusted"	0.939734766728924
814	"Sep 2013"	"XOM.Adjusted"	0.824204944250127
815	"Oct 2013"	"XOM.Adjusted"	1.03653196213055
816	"Nov 2013"	"XOM.Adjusted"	1.04582658663423
817	"Dec 2013"	"XOM.Adjusted"	1.04170677795969
818	"Jan 2014"	"XOM.Adjusted"	1.31701486224273
819	"Feb 2014"	"XOM.Adjusted"	1.34153061181135
820	"Mar 2014"	"XOM.Adjusted"	1.38639593474815
821	"Apr 2014"	"XOM.Adjusted"	1.34565525682219
822	"May 2014"	"XOM.Adjusted"	1.31849465904568
823	"Jun 2014"	"XOM.Adjusted"	1.40879215556831
824	"Jul 2014"	"XOM.Adjusted"	1.45887977483381
825	"Aug 2014"	"XOM.Adjusted"	1.28496422990809
826	"Sep 2014"	"XOM.Adjusted"	1.44194573376669
827	"Mar 2010"	"AMGN.Adjusted"	0
828	"Apr 2010"	"AMGN.Adjusted"	0
829	"May 2010"	"AMGN.Adjusted"	0
830	"Jun 2010"	"AMGN.Adjusted"	0
831	"Jul 2010"	"AMGN.Adjusted"	0
832	"Aug 2010"	"AMGN.Adjusted"	0
833	"Sep 2010"	"AMGN.Adjusted"	0
834	"Oct 2010"	"AMGN.Adjusted"	0
835	"Nov 2010"	"AMGN.Adjusted"	0
836	"Dec 2010"	"AMGN.Adjusted"	0
837	"Jan 2011"	"AMGN.Adjusted"	0
838	"Feb 2011"	"AMGN.Adjusted"	0.817541147033967
839	"Mar 2011"	"AMGN.Adjusted"	0.742939711398547
840	"Apr 2011"	"AMGN.Adjusted"	0.773266461438597
841	"May 2011"	"AMGN.Adjusted"	0.531649121005081
842	"Jun 2011"	"AMGN.Adjusted"	0.775240687123925
843	"Jul 2011"	"AMGN.Adjusted"	0.888446566430411
844	"Aug 2011"	"AMGN.Adjusted"	0.536091662241437
845	"Sep 2011"	"AMGN.Adjusted"	0.25898708019105
846	"Oct 2011"	"AMGN.Adjusted"	0.276388730290849
847	"Nov 2011"	"AMGN.Adjusted"	0.248159625768373
848	"Dec 2011"	"AMGN.Adjusted"	0.234018397791103
849	"Jan 2012"	"AMGN.Adjusted"	0.301975688280568
850	"Feb 2012"	"AMGN.Adjusted"	0.377692938819495
851	"Mar 2012"	"AMGN.Adjusted"	0.348102402437215
852	"Apr 2012"	"AMGN.Adjusted"	0.303354658995186
853	"May 2012"	"AMGN.Adjusted"	0.362491533687283
854	"Jun 2012"	"AMGN.Adjusted"	0.352952289696979
855	"Jul 2012"	"AMGN.Adjusted"	0.294606222925328
856	"Aug 2012"	"AMGN.Adjusted"	0.283726125837313
857	"Sep 2012"	"AMGN.Adjusted"	0.164290142368793
858	"Oct 2012"	"AMGN.Adjusted"	0.284168149285749
859	"Nov 2012"	"AMGN.Adjusted"	0.259375529560525
860	"Dec 2012"	"AMGN.Adjusted"	0.301226462034817
861	"Jan 2013"	"AMGN.Adjusted"	0.0669781492193002
862	"Feb 2013"	"AMGN.Adjusted"	0.137177761564199
863	"Mar 2013"	"AMGN.Adjusted"	0.443045898253068
864	"Apr 2013"	"AMGN.Adjusted"	0.462725476532261
865	"May 2013"	"AMGN.Adjusted"	-0.00487690429025776
866	"Jun 2013"	"AMGN.Adjusted"	0.276323655967486
867	"Jul 2013"	"AMGN.Adjusted"	0.785598904732126
868	"Aug 2013"	"AMGN.Adjusted"	0.658107766210577
869	"Sep 2013"	"AMGN.Adjusted"	0.676912142753113
870	"Oct 2013"	"AMGN.Adjusted"	0.760887347605993
871	"Nov 2013"	"AMGN.Adjusted"	0.746760430696828
872	"Dec 2013"	"AMGN.Adjusted"	0.644031376815497
873	"Jan 2014"	"AMGN.Adjusted"	0.52810745316859
874	"Feb 2014"	"AMGN.Adjusted"	0.567900175301146
875	"Mar 2014"	"AMGN.Adjusted"	0.410084804655534
876	"Apr 2014"	"AMGN.Adjusted"	0.513577564541453
877	"May 2014"	"AMGN.Adjusted"	0.573900355628676
878	"Jun 2014"	"AMGN.Adjusted"	0.512079803587656
879	"Jul 2014"	"AMGN.Adjusted"	-0.0356235078514691
880	"Aug 2014"	"AMGN.Adjusted"	0.174955978361677
881	"Sep 2014"	"AMGN.Adjusted"	0.272187199405523
882	"Mar 2010"	"PCLN.Adjusted"	0
883	"Apr 2010"	"PCLN.Adjusted"	0
884	"May 2010"	"PCLN.Adjusted"	0
885	"Jun 2010"	"PCLN.Adjusted"	0
886	"Jul 2010"	"PCLN.Adjusted"	0
887	"Aug 2010"	"PCLN.Adjusted"	0
888	"Sep 2010"	"PCLN.Adjusted"	0
889	"Oct 2010"	"PCLN.Adjusted"	0
890	"Nov 2010"	"PCLN.Adjusted"	0
891	"Dec 2010"	"PCLN.Adjusted"	0
892	"Jan 2011"	"PCLN.Adjusted"	0
893	"Feb 2011"	"PCLN.Adjusted"	1.54433216365857
894	"Mar 2011"	"PCLN.Adjusted"	1.52882872319496
895	"Apr 2011"	"PCLN.Adjusted"	1.52385327991828
896	"May 2011"	"PCLN.Adjusted"	0.713939389246495
897	"Jun 2011"	"PCLN.Adjusted"	0.37311436867773
898	"Jul 2011"	"PCLN.Adjusted"	-0.0609224004324459
899	"Aug 2011"	"PCLN.Adjusted"	1.00127383986573
900	"Sep 2011"	"PCLN.Adjusted"	1.21349033983119
901	"Oct 2011"	"PCLN.Adjusted"	1.10363576842316
902	"Nov 2011"	"PCLN.Adjusted"	1.1350007333143
903	"Dec 2011"	"PCLN.Adjusted"	1.31994470448256
904	"Jan 2012"	"PCLN.Adjusted"	1.39613121704348
905	"Feb 2012"	"PCLN.Adjusted"	1.56537626802399
906	"Mar 2012"	"PCLN.Adjusted"	1.65879742448323
907	"Apr 2012"	"PCLN.Adjusted"	1.62594434149063
908	"May 2012"	"PCLN.Adjusted"	1.81746891433849
909	"Jun 2012"	"PCLN.Adjusted"	1.78218486263067
910	"Jul 2012"	"PCLN.Adjusted"	1.84128778208089
911	"Aug 2012"	"PCLN.Adjusted"	2.037909722748
912	"Sep 2012"	"PCLN.Adjusted"	1.99231256553151
913	"Oct 2012"	"PCLN.Adjusted"	2.75749350359846
914	"Nov 2012"	"PCLN.Adjusted"	2.62100725257412
915	"Dec 2012"	"PCLN.Adjusted"	2.63925169056543
916	"Jan 2013"	"PCLN.Adjusted"	2.50250716586161
917	"Feb 2013"	"PCLN.Adjusted"	2.22098526443745
918	"Mar 2013"	"PCLN.Adjusted"	1.84022493803309
919	"Apr 2013"	"PCLN.Adjusted"	2.0328139328097
920	"May 2013"	"PCLN.Adjusted"	1.61019903068287
921	"Jun 2013"	"PCLN.Adjusted"	1.16806211161638
922	"Jul 2013"	"PCLN.Adjusted"	1.11577800510457
923	"Aug 2013"	"PCLN.Adjusted"	0.685032223172627
924	"Sep 2013"	"PCLN.Adjusted"	0.772401107831307
925	"Oct 2013"	"PCLN.Adjusted"	0.181600624940947
926	"Nov 2013"	"PCLN.Adjusted"	0.514137547317217
927	"Dec 2013"	"PCLN.Adjusted"	0.249041861014958
928	"Jan 2014"	"PCLN.Adjusted"	0.405627556465272
929	"Feb 2014"	"PCLN.Adjusted"	0.709298237196093
930	"Mar 2014"	"PCLN.Adjusted"	1.03238706314845
931	"Apr 2014"	"PCLN.Adjusted"	1.11204487518156
932	"May 2014"	"PCLN.Adjusted"	1.06842647902298
933	"Jun 2014"	"PCLN.Adjusted"	1.10927707383969
934	"Jul 2014"	"PCLN.Adjusted"	1.05702323041015
935	"Aug 2014"	"PCLN.Adjusted"	1.5137039505769
936	"Sep 2014"	"PCLN.Adjusted"	1.61601126871483
937	"Mar 2010"	"MSFT.Adjusted"	0
938	"Apr 2010"	"MSFT.Adjusted"	0
939	"May 2010"	"MSFT.Adjusted"	0
940	"Jun 2010"	"MSFT.Adjusted"	0
941	"Jul 2010"	"MSFT.Adjusted"	0
942	"Aug 2010"	"MSFT.Adjusted"	0
943	"Sep 2010"	"MSFT.Adjusted"	0
944	"Oct 2010"	"MSFT.Adjusted"	0
945	"Nov 2010"	"MSFT.Adjusted"	0
946	"Dec 2010"	"MSFT.Adjusted"	0
947	"Jan 2011"	"MSFT.Adjusted"	0
948	"Feb 2011"	"MSFT.Adjusted"	1.43563645421794
949	"Mar 2011"	"MSFT.Adjusted"	1.50525457498902
950	"Apr 2011"	"MSFT.Adjusted"	1.50559383340615
951	"May 2011"	"MSFT.Adjusted"	1.46999082711131
952	"Jun 2011"	"MSFT.Adjusted"	1.23887893400103
953	"Jul 2011"	"MSFT.Adjusted"	0.871999131081762
954	"Aug 2011"	"MSFT.Adjusted"	0.614473438712095
955	"Sep 2011"	"MSFT.Adjusted"	0.807846584457006
956	"Oct 2011"	"MSFT.Adjusted"	0.663851614678514
957	"Nov 2011"	"MSFT.Adjusted"	0.663483919007784
958	"Dec 2011"	"MSFT.Adjusted"	0.497360017240002
959	"Jan 2012"	"MSFT.Adjusted"	0.70991086385174
960	"Feb 2012"	"MSFT.Adjusted"	0.856042471316239
961	"Mar 2012"	"MSFT.Adjusted"	0.814130842926776
962	"Apr 2012"	"MSFT.Adjusted"	0.841985050643292
963	"May 2012"	"MSFT.Adjusted"	0.929677040244555
964	"Jun 2012"	"MSFT.Adjusted"	0.951899237852531
965	"Jul 2012"	"MSFT.Adjusted"	1.00244235679273
966	"Aug 2012"	"MSFT.Adjusted"	1.09523935919965
967	"Sep 2012"	"MSFT.Adjusted"	1.14638112519603
968	"Oct 2012"	"MSFT.Adjusted"	1.63046916316872
969	"Nov 2012"	"MSFT.Adjusted"	1.64663151751963
970	"Dec 2012"	"MSFT.Adjusted"	1.64839203115485
971	"Jan 2013"	"MSFT.Adjusted"	1.26153312465069
972	"Feb 2013"	"MSFT.Adjusted"	1.10767843135749
973	"Mar 2013"	"MSFT.Adjusted"	1.12571718948887
974	"Apr 2013"	"MSFT.Adjusted"	1.26135458742954
975	"May 2013"	"MSFT.Adjusted"	1.36190036380583
976	"Jun 2013"	"MSFT.Adjusted"	1.23788459950149
977	"Jul 2013"	"MSFT.Adjusted"	0.338456635340835
978	"Aug 2013"	"MSFT.Adjusted"	-0.0896198058653376
979	"Sep 2013"	"MSFT.Adjusted"	-0.0581264772832562
980	"Oct 2013"	"MSFT.Adjusted"	-0.17646078230883
981	"Nov 2013"	"MSFT.Adjusted"	-0.314348680917426
982	"Dec 2013"	"MSFT.Adjusted"	-0.408499437887225
983	"Jan 2014"	"MSFT.Adjusted"	-0.168955586056675
984	"Feb 2014"	"MSFT.Adjusted"	-0.19310149764961
985	"Mar 2014"	"MSFT.Adjusted"	-0.230872348023192
986	"Apr 2014"	"MSFT.Adjusted"	-0.225354711735787
987	"May 2014"	"MSFT.Adjusted"	-0.259511963376776
988	"Jun 2014"	"MSFT.Adjusted"	-0.390872743643341
989	"Jul 2014"	"MSFT.Adjusted"	0.000667999943829245
990	"Aug 2014"	"MSFT.Adjusted"	0.30689292948317
991	"Sep 2014"	"MSFT.Adjusted"	0.365631058690827
992	"Mar 2010"	"PEP.Adjusted"	0
993	"Apr 2010"	"PEP.Adjusted"	0
994	"May 2010"	"PEP.Adjusted"	0
995	"Jun 2010"	"PEP.Adjusted"	0
996	"Jul 2010"	"PEP.Adjusted"	0
997	"Aug 2010"	"PEP.Adjusted"	0
998	"Sep 2010"	"PEP.Adjusted"	0
999	"Oct 2010"	"PEP.Adjusted"	0
1000	"Nov 2010"	"PEP.Adjusted"	0
1001	"Dec 2010"	"PEP.Adjusted"	0
1002	"Jan 2011"	"PEP.Adjusted"	0
1003	"Feb 2011"	"PEP.Adjusted"	0.494482271122364
1004	"Mar 2011"	"PEP.Adjusted"	0.415243201136988
1005	"Apr 2011"	"PEP.Adjusted"	0.446203176069275
1006	"May 2011"	"PEP.Adjusted"	0.3852841187271
1007	"Jun 2011"	"PEP.Adjusted"	0.349453735357559
1008	"Jul 2011"	"PEP.Adjusted"	0.43780868208982
1009	"Aug 2011"	"PEP.Adjusted"	0.313349515872007
1010	"Sep 2011"	"PEP.Adjusted"	0.305145813756238
1011	"Oct 2011"	"PEP.Adjusted"	0.284313267109077
1012	"Nov 2011"	"PEP.Adjusted"	0.270322278201465
1013	"Dec 2011"	"PEP.Adjusted"	0.284199717390514
1014	"Jan 2012"	"PEP.Adjusted"	0.257879722397827
1015	"Feb 2012"	"PEP.Adjusted"	0.215223172466568
1016	"Mar 2012"	"PEP.Adjusted"	0.263744203699556
1017	"Apr 2012"	"PEP.Adjusted"	0.212344011955837
1018	"May 2012"	"PEP.Adjusted"	0.123362937011754
1019	"Jun 2012"	"PEP.Adjusted"	0.165220962019206
1020	"Jul 2012"	"PEP.Adjusted"	0.0820256829277099
1021	"Aug 2012"	"PEP.Adjusted"	0.0895289473624945
1022	"Sep 2012"	"PEP.Adjusted"	-0.144852224862911
1023	"Oct 2012"	"PEP.Adjusted"	-0.164713883467001
1024	"Nov 2012"	"PEP.Adjusted"	-0.147179373568581
1025	"Dec 2012"	"PEP.Adjusted"	-0.130293745131935
1026	"Jan 2013"	"PEP.Adjusted"	0.13447478581982
1027	"Feb 2013"	"PEP.Adjusted"	0.311042599774642
1028	"Mar 2013"	"PEP.Adjusted"	0.295722058342502
1029	"Apr 2013"	"PEP.Adjusted"	0.272501699015316
1030	"May 2013"	"PEP.Adjusted"	0.978369461598884
1031	"Jun 2013"	"PEP.Adjusted"	0.700428979928193
1032	"Jul 2013"	"PEP.Adjusted"	0.607764392807832
1033	"Aug 2013"	"PEP.Adjusted"	0.819578922347995
1034	"Sep 2013"	"PEP.Adjusted"	0.822291458952732
1035	"Oct 2013"	"PEP.Adjusted"	0.854558262029853
1036	"Nov 2013"	"PEP.Adjusted"	0.848939004961812
1037	"Dec 2013"	"PEP.Adjusted"	0.784299737562659
1038	"Jan 2014"	"PEP.Adjusted"	0.713392715194612
1039	"Feb 2014"	"PEP.Adjusted"	0.644948368652432
1040	"Mar 2014"	"PEP.Adjusted"	0.540920691040932
1041	"Apr 2014"	"PEP.Adjusted"	0.503326777691495
1042	"May 2014"	"PEP.Adjusted"	0.543092043293941
1043	"Jun 2014"	"PEP.Adjusted"	0.640785062770114
1044	"Jul 2014"	"PEP.Adjusted"	0.700119148464866
1045	"Aug 2014"	"PEP.Adjusted"	0.605493125577378
1046	"Sep 2014"	"PEP.Adjusted"	0.680435371160664
1047	"Mar 2010"	"PG.Adjusted"	0
1048	"Apr 2010"	"PG.Adjusted"	0
1049	"May 2010"	"PG.Adjusted"	0
1050	"Jun 2010"	"PG.Adjusted"	0
1051	"Jul 2010"	"PG.Adjusted"	0
1052	"Aug 2010"	"PG.Adjusted"	0
1053	"Sep 2010"	"PG.Adjusted"	0
1054	"Oct 2010"	"PG.Adjusted"	0
1055	"Nov 2010"	"PG.Adjusted"	0
1056	"Dec 2010"	"PG.Adjusted"	0
1057	"Jan 2011"	"PG.Adjusted"	0
1058	"Feb 2011"	"PG.Adjusted"	0.347295905676058
1059	"Mar 2011"	"PG.Adjusted"	0.384115081706318
1060	"Apr 2011"	"PG.Adjusted"	0.411553949828767
1061	"May 2011"	"PG.Adjusted"	0.426261217659377
1062	"Jun 2011"	"PG.Adjusted"	0.540229736093404
1063	"Jul 2011"	"PG.Adjusted"	0.577635479482995
1064	"Aug 2011"	"PG.Adjusted"	0.31401009690768
1065	"Sep 2011"	"PG.Adjusted"	0.414215044715866
1066	"Oct 2011"	"PG.Adjusted"	0.244596652244429
1067	"Nov 2011"	"PG.Adjusted"	0.230191768780813
1068	"Dec 2011"	"PG.Adjusted"	0.150771160559494
1069	"Jan 2012"	"PG.Adjusted"	0.0642637170771708
1070	"Feb 2012"	"PG.Adjusted"	0.172966333531822
1071	"Mar 2012"	"PG.Adjusted"	0.144642188546286
1072	"Apr 2012"	"PG.Adjusted"	0.123195278159566
1073	"May 2012"	"PG.Adjusted"	0.167473754729003
1074	"Jun 2012"	"PG.Adjusted"	0.109790334373404
1075	"Jul 2012"	"PG.Adjusted"	0.0959300945907041
1076	"Aug 2012"	"PG.Adjusted"	0.20346200928764
1077	"Sep 2012"	"PG.Adjusted"	0.213403569509066
1078	"Oct 2012"	"PG.Adjusted"	0.282615024678139
1079	"Nov 2012"	"PG.Adjusted"	0.288383246963116
1080	"Dec 2012"	"PG.Adjusted"	0.307861655075641
1081	"Jan 2013"	"PG.Adjusted"	0.860785969783089
1082	"Feb 2013"	"PG.Adjusted"	0.76397877610626
1083	"Mar 2013"	"PG.Adjusted"	0.77865445525665
1084	"Apr 2013"	"PG.Adjusted"	0.670559611017971
1085	"May 2013"	"PG.Adjusted"	0.84106348681203
1086	"Jun 2013"	"PG.Adjusted"	1.09235060624649
1087	"Jul 2013"	"PG.Adjusted"	1.08698396375916
1088	"Aug 2013"	"PG.Adjusted"	1.05804383814207
1089	"Sep 2013"	"PG.Adjusted"	0.913651262866815
1090	"Oct 2013"	"PG.Adjusted"	1.19281321243324
1091	"Nov 2013"	"PG.Adjusted"	1.23290961841387
1092	"Dec 2013"	"PG.Adjusted"	1.14872025746861
1093	"Jan 2014"	"PG.Adjusted"	0.906809303027249
1094	"Feb 2014"	"PG.Adjusted"	0.903711830785532
1095	"Mar 2014"	"PG.Adjusted"	0.901943510742528
1096	"Apr 2014"	"PG.Adjusted"	0.870887524999257
1097	"May 2014"	"PG.Adjusted"	0.855293235802657
1098	"Jun 2014"	"PG.Adjusted"	0.923728664900715
1099	"Jul 2014"	"PG.Adjusted"	0.796996470705898
1100	"Aug 2014"	"PG.Adjusted"	0.999335036819979
1101	"Sep 2014"	"PG.Adjusted"	1.04833348079476
1102	"Mar 2010"	"AMZN.Adjusted"	0
1103	"Apr 2010"	"AMZN.Adjusted"	0
1104	"May 2010"	"AMZN.Adjusted"	0
1105	"Jun 2010"	"AMZN.Adjusted"	0
1106	"Jul 2010"	"AMZN.Adjusted"	0
1107	"Aug 2010"	"AMZN.Adjusted"	0
1108	"Sep 2010"	"AMZN.Adjusted"	0
1109	"Oct 2010"	"AMZN.Adjusted"	0
1110	"Nov 2010"	"AMZN.Adjusted"	0
1111	"Dec 2010"	"AMZN.Adjusted"	0
1112	"Jan 2011"	"AMZN.Adjusted"	0
1113	"Feb 2011"	"AMZN.Adjusted"	1.3881474918883
1114	"Mar 2011"	"AMZN.Adjusted"	1.29341832779977
1115	"Apr 2011"	"AMZN.Adjusted"	1.3130997374161
1116	"May 2011"	"AMZN.Adjusted"	1.32651396599281
1117	"Jun 2011"	"AMZN.Adjusted"	0.890095420212173
1118	"Jul 2011"	"AMZN.Adjusted"	0.79116015138838
1119	"Aug 2011"	"AMZN.Adjusted"	1.09300186270252
1120	"Sep 2011"	"AMZN.Adjusted"	0.240271070600276
1121	"Oct 2011"	"AMZN.Adjusted"	-0.0273073431414004
1122	"Nov 2011"	"AMZN.Adjusted"	0.0343245562175642
1123	"Dec 2011"	"AMZN.Adjusted"	-0.0449696119430851
1124	"Jan 2012"	"AMZN.Adjusted"	0.212573595721043
1125	"Feb 2012"	"AMZN.Adjusted"	0.0630642933288688
1126	"Mar 2012"	"AMZN.Adjusted"	0.185994312217626
1127	"Apr 2012"	"AMZN.Adjusted"	0.0585721755306327
1128	"May 2012"	"AMZN.Adjusted"	0.252302287020248
1129	"Jun 2012"	"AMZN.Adjusted"	0.337355463030871
1130	"Jul 2012"	"AMZN.Adjusted"	0.417902884859496
1131	"Aug 2012"	"AMZN.Adjusted"	0.39909905380983
1132	"Sep 2012"	"AMZN.Adjusted"	0.518030375049189
1133	"Oct 2012"	"AMZN.Adjusted"	1.44622119035956
1134	"Nov 2012"	"AMZN.Adjusted"	1.242244133926
1135	"Dec 2012"	"AMZN.Adjusted"	1.22377798359758
1136	"Jan 2013"	"AMZN.Adjusted"	0.991401836363512
1137	"Feb 2013"	"AMZN.Adjusted"	1.443182482322
1138	"Mar 2013"	"AMZN.Adjusted"	1.13459615429329
1139	"Apr 2013"	"AMZN.Adjusted"	1.37884797314908
1140	"May 2013"	"AMZN.Adjusted"	1.63448713442754
1141	"Jun 2013"	"AMZN.Adjusted"	1.06596518841725
1142	"Jul 2013"	"AMZN.Adjusted"	1.25527857691116
1143	"Aug 2013"	"AMZN.Adjusted"	1.37676263981351
1144	"Sep 2013"	"AMZN.Adjusted"	1.54822442562098
1145	"Oct 2013"	"AMZN.Adjusted"	1.61749219729302
1146	"Nov 2013"	"AMZN.Adjusted"	1.80567559352742
1147	"Dec 2013"	"AMZN.Adjusted"	1.75135780692664
1148	"Jan 2014"	"AMZN.Adjusted"	2.09525921910795
1149	"Feb 2014"	"AMZN.Adjusted"	1.86323572244258
1150	"Mar 2014"	"AMZN.Adjusted"	2.06229923056128
1151	"Apr 2014"	"AMZN.Adjusted"	2.18236998343655
1152	"May 2014"	"AMZN.Adjusted"	2.15622636886591
1153	"Jun 2014"	"AMZN.Adjusted"	2.45769510727355
1154	"Jul 2014"	"AMZN.Adjusted"	2.43151134136169
1155	"Aug 2014"	"AMZN.Adjusted"	2.71289538127382
1156	"Sep 2014"	"AMZN.Adjusted"	2.46951264198196
